{
  "version": 1,
  "author": "Mary Loftus",
  "editor": "wokwi",
  "parts": [
    { "type": "wokwi-arduino-uno", "id": "uno", "top": 0, "left": 0, "attrs": {} },
    { "type": "wokwi-potentiometer", "id": "pot1", "top": -126.1, "left": -125, "attrs": {} },
    {
      "type": "wokwi-led",
      "id": "led1",
      "top": -138,
      "left": 99.8,
      "attrs": { "color": "purple" }
    }
  ],
  "connections": [
    [ "pot1:GND", "uno:GND.1", "black", [ "v28.8", "h105.6", "v37.8" ] ],
    [ "pot1:SIG", "uno:A0", "green", [ "v0" ] ],
    [ "led1:C", "uno:GND.1", "black", [ "h0.4", "v105" ] ],
    [ "uno:2", "led1:A", "red", [ "v0" ] ]
  ],
  "dependencies": {}
}